,type,Name,URL
1,Movie,Haseen Dillruba,https://www.netflix.com/in/title/81320770
2,Movie,Zindagi Na Milegi Dobara,https://www.netflix.com/in/title/70202336
3,Movie,Ludo,https://www.netflix.com/in/title/81107576
4,Movie,"Swades: We, the People",https://www.netflix.com/in/title/70019491
5,Movie,Gunjan Saxena: The Kargil Girl,https://www.netflix.com/in/title/81292944
6,Movie,Dangal,https://www.netflix.com/in/title/80166185
7,Movie,Taare Zameen Par,https://www.netflix.com/in/title/70087087
8,Movie,Ginny Weds Sunny,https://www.netflix.com/in/title/81294132
9,Movie,Roohi,https://www.netflix.com/in/title/81267359
10,Movie,Yeh Jawaani Hai Deewani,https://www.netflix.com/in/title/70276515
11,Movie,Chillar Party,https://www.netflix.com/in/title/70139072
12,Movie,Is Love Enough? Sir,https://www.netflix.com/in/title/81136602
13,Movie,Bareilly Ki Barfi,https://www.netflix.com/in/title/81016193
14,Movie,Jab We Met,https://www.netflix.com/in/title/70085612
15,Movie,Main Hoon Na,https://www.netflix.com/in/title/70000196
16,Movie,Ajeeb Daastaans,https://www.netflix.com/in/title/81206929
17,Movie,Kabir Singh,https://www.netflix.com/in/title/81107545
18,Movie,Pagglait,https://www.netflix.com/in/title/81242571
19,Movie,Article 15,https://www.netflix.com/in/title/81154455
20,Movie,Gangs of Wasseypur: Part 2,https://www.netflix.com/in/title/80088679
21,Movie,Naam Shabana,https://www.netflix.com/in/title/80177776
22,Movie,Baahubali 2: The Conclusion (Hindi Version),https://www.netflix.com/in/title/80203996
23,Movie,Badla,https://www.netflix.com/in/title/81112446
24,Movie,Special 26,https://www.netflix.com/in/title/70273637
25,Movie,3 Idiots,https://www.netflix.com/in/title/70121522
26,Movie,Lagaan,https://www.netflix.com/in/title/60020906
27,Movie,Madam Chief Minister,https://www.netflix.com/in/title/81243746
28,Movie,Andhadhun,https://www.netflix.com/in/title/81039381
29,Movie,Om Shanti Om,https://www.netflix.com/in/title/70083535
30,Movie,Raat Akeli Hai,https://www.netflix.com/in/title/81269716
31,Movie,PK,https://www.netflix.com/in/title/70303496
32,Movie,Gangs of Wasseypur: Part 1,https://www.netflix.com/in/title/80088678
33,Movie,Dil Chahta Hai,https://www.netflix.com/in/title/60021525
34,Movie,Sardar Ka Grandson,https://www.netflix.com/in/title/81177241
35,Movie,The Lunchbox,https://www.netflix.com/in/title/70278932
36,Movie,Kahaani,https://www.netflix.com/in/title/70236020
37,Movie,Mom,https://www.netflix.com/in/title/80201175
38,Movie,Oh My God,https://www.netflix.com/in/title/70258366
39,Movie,Phir Hera Pheri,https://www.netflix.com/in/title/70054086
40,Movie,I Am Kalam,https://www.netflix.com/in/title/80236279
41,Movie,Happy New Year,https://www.netflix.com/in/title/80017528
42,Movie,Paan Singh Tomar,https://www.netflix.com/in/title/70123126
43,Movie,Dear Zindagi,https://www.netflix.com/in/title/80158042
44,Movie,Half Girlfriend,https://www.netflix.com/in/title/80192420
45,Movie,Lust Stories,https://www.netflix.com/in/title/80991033
46,Movie,Indoo Ki Jawani,https://www.netflix.com/in/title/81193796
47,Movie,Jaane Tu... Ya Jaane Na,https://www.netflix.com/in/title/70089214
48,Movie,Lakshya,https://www.netflix.com/in/title/70001237
49,Movie,The Sky Is Pink,https://www.netflix.com/in/title/81037373
50,Movie,The Girl on the Train,https://www.netflix.com/in/title/81144153
51,Movie,Dil Dhadakne Do,https://www.netflix.com/in/title/80057585
52,Movie,Wake Up Sid,https://www.netflix.com/in/title/70123119
53,Movie,Baahubali: The Beginning (Hindi Version),https://www.netflix.com/in/title/80204117
54,Movie,Barfi!,https://www.netflix.com/in/title/70219525
55,Movie,Kai Po Che!,https://www.netflix.com/in/title/70254346
56,Movie,Madras Café,https://www.netflix.com/in/title/70293703
57,Movie,Ittefaq,https://www.netflix.com/in/title/80164904
58,Movie,Welcome,https://www.netflix.com/in/title/70091146
59,Movie,Life in a ... Metro,https://www.netflix.com/in/title/70071832
60,Movie,Hum Saath-Saath Hain,https://www.netflix.com/in/title/80074065
61,Movie,Guru,https://www.netflix.com/in/title/70063017
62,Movie,Rang De Basanti,https://www.netflix.com/in/title/70047320
63,Movie,Queen,https://www.netflix.com/in/title/80032081
64,Movie,Jodhaa Akbar,https://www.netflix.com/in/title/70090035
65,Movie,Raajneeti,https://www.netflix.com/in/title/70123124
66,Movie,Saaho,https://www.netflix.com/in/title/81157385
67,Movie,Romeo Akbar Walter,https://www.netflix.com/in/title/81039384
68,Movie,Dilwale,https://www.netflix.com/in/title/80091866
69,Movie,Drishyam,https://www.netflix.com/in/title/80068117
70,Movie,Kal Ho Naa Ho,https://www.netflix.com/in/title/60036735
71,Movie,Chup Chup Ke,https://www.netflix.com/in/title/70052249
72,Movie,Parmanu: The Story of Pokhran,https://www.netflix.com/in/title/81005453
73,Movie,Kabhi Khushi Kabhie Gham,https://www.netflix.com/in/title/60036750
74,Movie,Phantom,https://www.netflix.com/in/title/70303495
75,Movie,Munna Bhai MBBS,https://www.netflix.com/in/title/60036104
76,Movie,Main Hoon Na,https://www.netflix.com/in/title/70000196
77,Movie,Gangs of Wasseypur: Part 2,https://www.netflix.com/in/title/80088679
78,Movie,Naam Shabana,https://www.netflix.com/in/title/80177776
79,Movie,Baahubali 2: The Conclusion (Hindi Version),https://www.netflix.com/in/title/80203996
80,Movie,Gangs of Wasseypur: Part 1,https://www.netflix.com/in/title/80088678
81,Movie,Happy New Year,https://www.netflix.com/in/title/80017528
82,Movie,Paan Singh Tomar,https://www.netflix.com/in/title/70123126
83,Movie,Indoo Ki Jawani,https://www.netflix.com/in/title/81193796
84,Movie,Lakshya,https://www.netflix.com/in/title/70001237
85,Movie,Baahubali: The Beginning (Hindi Version),https://www.netflix.com/in/title/80204117
86,Movie,Jodhaa Akbar,https://www.netflix.com/in/title/70090035
87,Movie,Saaho,https://www.netflix.com/in/title/81157385
88,Movie,Dilwale,https://www.netflix.com/in/title/80091866
89,Movie,Phantom,https://www.netflix.com/in/title/70303495
90,Movie,Malang,https://www.netflix.com/in/title/81214289
91,Movie,Drive,https://www.netflix.com/in/title/81189912
92,Movie,Raees,https://www.netflix.com/in/title/80164778
93,Movie,Don 2,https://www.netflix.com/in/title/70224999
94,Movie,Andaz Apna Apna,https://www.netflix.com/in/title/20258084
95,Movie,Jagga Jasoos,https://www.netflix.com/in/title/80104130
96,Movie,Asoka,https://www.netflix.com/in/title/60021758
97,Movie,Gabbar Is Back,https://www.netflix.com/in/title/80057278
98,Movie,Force 2,https://www.netflix.com/in/title/80159955
99,Movie,Mohenjo Daro,https://www.netflix.com/in/title/80104257
100,Movie,Agneepath (2012),https://www.netflix.com/in/title/81244367
101,Movie,Rocky Handsome,https://www.netflix.com/in/title/80103428
102,Movie,Don,https://www.netflix.com/in/title/70059026
103,Movie,Players,https://www.netflix.com/in/title/70229498
104,Movie,Boss,https://www.netflix.com/in/title/70295762
105,Movie,Fukrey,https://www.netflix.com/in/title/70278990
106,Movie,Aiyaary,https://www.netflix.com/in/title/80243408
107,Movie,Brothers,https://www.netflix.com/in/title/81244369
108,Movie,Judwaa 2,https://www.netflix.com/in/title/80236906
109,Movie,Race,https://www.netflix.com/in/title/70096752
110,Movie,Race 2,https://www.netflix.com/in/title/70229046
111,Movie,Baaghi,https://www.netflix.com/in/title/80104648
112,Movie,Rowdy Rathore,https://www.netflix.com/in/title/70229043
113,Movie,Singham,https://www.netflix.com/in/title/70217385
114,Movie,Awara Paagal Deewana,https://www.netflix.com/in/title/60031985
115,Movie,Baadshaho,https://www.netflix.com/in/title/80211134
116,Movie,Alibaba Aur 40 Chor,https://www.netflix.com/in/title/80158543
117,Movie,Duniya,https://www.netflix.com/in/title/60002088
118,Movie,Parinda,https://www.netflix.com/in/title/20765647
119,Movie,Bbuddah Hoga Terra Baap,https://www.netflix.com/in/title/70204288
120,Movie,Dabangg,https://www.netflix.com/in/title/70154586
121,Movie,Mission Kashmir,https://www.netflix.com/in/title/60004006
122,Movie,Dostana (1980),https://www.netflix.com/in/title/81244365
123,Movie,Mard Ko Dard Nahi Hota,https://www.netflix.com/in/title/81057229
124,Movie,Pranaam,https://www.netflix.com/in/title/81215481
125,Movie,Prem Ratan Dhan Payo,https://www.netflix.com/in/title/80085417
126,Movie,Bodyguard,https://www.netflix.com/in/title/70211475
127,Movie,Himmatwala,https://www.netflix.com/in/title/70254349
128,Movie,1942: A Love Story,https://www.netflix.com/in/title/206593
129,Movie,Eklavya,https://www.netflix.com/in/title/70063660
130,Movie,Jaal,https://www.netflix.com/in/title/80157086
131,Movie,One 2 Ka 4,https://www.netflix.com/in/title/80156935
132,Movie,Gumrah,https://www.netflix.com/in/title/24012660
133,Movie,Rangoon,https://www.netflix.com/in/title/80176342
134,Movie,Elaan,https://www.netflix.com/in/title/80158482
135,Movie,Kisaan,https://www.netflix.com/in/title/70125882
136,Movie,Salaakhen,https://www.netflix.com/in/title/80158479
137,Movie,Hello Brother,https://www.netflix.com/in/title/21241478
138,Movie,Aakhri Adaalat,https://www.netflix.com/in/title/20254278
139,Movie,Mujrim,https://www.netflix.com/in/title/80156939
140,Movie,Gollu aur Pappu,https://www.netflix.com/in/title/80165851
141,Movie,Khoon Khoon,https://www.netflix.com/in/title/80158480
142,Movie,Bandie,https://www.netflix.com/in/title/80158388
143,Movie,Life Ki Toh Lag Gayi,https://www.netflix.com/in/title/81024730
144,Movie,Shortcut Safari,https://www.netflix.com/in/title/81086640
145,Movie,Oh Darling Yeh Hai India,https://www.netflix.com/in/title/80156937
146,Movie,Article 15,https://www.netflix.com/in/title/81154455
147,Movie,Badla,https://www.netflix.com/in/title/81112446
148,Movie,Special 26,https://www.netflix.com/in/title/70273637
149,Movie,Andhadhun,https://www.netflix.com/in/title/81039381
150,Movie,Raat Akeli Hai,https://www.netflix.com/in/title/81269716
151,Movie,Kahaani,https://www.netflix.com/in/title/70236020
152,Movie,Mom,https://www.netflix.com/in/title/80201175
153,Movie,The Girl on the Train,https://www.netflix.com/in/title/81144153
154,Movie,Madras Café,https://www.netflix.com/in/title/70293703
155,Movie,Ittefaq,https://www.netflix.com/in/title/80164904
156,Movie,Raajneeti,https://www.netflix.com/in/title/70123124
157,Movie,Romeo Akbar Walter,https://www.netflix.com/in/title/81039384
158,Movie,Drishyam,https://www.netflix.com/in/title/80068117
159,Movie,Talaash,https://www.netflix.com/in/title/70262614
160,Movie,Class of '83,https://www.netflix.com/in/title/80997361
161,Movie,Wazir,https://www.netflix.com/in/title/80094096
162,Movie,TE3N,https://www.netflix.com/in/title/80113673
163,Movie,Game Over (Hindi Version),https://www.netflix.com/in/title/81151880
164,Movie,The Body,https://www.netflix.com/in/title/81039382
165,Movie,Mrs. Serial Killer,https://www.netflix.com/in/title/81076113
166,Movie,Pihu,https://www.netflix.com/in/title/81113927
167,Movie,Bypass Road,https://www.netflix.com/in/title/81244769
168,Movie,7 Khoon Maaf,https://www.netflix.com/in/title/70139075
169,Movie,Karthik Calling Karthik,https://www.netflix.com/in/title/70134537
170,Movie,Manorama Six Feet Under,https://www.netflix.com/in/title/70084408
171,Movie,AK vs AK,https://www.netflix.com/in/title/81227759
172,Movie,Kurbaan,https://www.netflix.com/in/title/70123121
173,Movie,Raman Raghav 2.0,https://www.netflix.com/in/title/80115687
174,Movie,Ghanchakkar,https://www.netflix.com/in/title/70219528
175,Movie,Saheb Biwi Aur Gangster Returns,https://www.netflix.com/in/title/70273256
176,Movie,Ghost Stories,https://www.netflix.com/in/title/81088083
177,Movie,Game,https://www.netflix.com/in/title/70181734
178,Movie,Taxi No. 9211,https://www.netflix.com/in/title/70047306
179,Movie,Kaal,https://www.netflix.com/in/title/70037493
180,Movie,Raja Natwarlal,https://www.netflix.com/in/title/70303431
181,Movie,Shaitan,https://www.netflix.com/in/title/80165855
182,Movie,Blood Money,https://www.netflix.com/in/title/80175623
183,Movie,Bobby Jasoos,https://www.netflix.com/in/title/81360623
184,Movie,Soldier,https://www.netflix.com/in/title/18022077
185,Movie,Torbaaz,https://www.netflix.com/in/title/81264422
186,Movie,Kaminey,https://www.netflix.com/in/title/70117268
187,Movie,Aamir,https://www.netflix.com/in/title/70100644
188,Movie,My Birthday Song,https://www.netflix.com/in/title/81002211
189,Movie,Chal Bhaag,https://www.netflix.com/in/title/81024726
190,Movie,Shabd,https://www.netflix.com/in/title/70027133
191,Movie,Garbage,https://www.netflix.com/in/title/80994130
192,Movie,Fida,https://www.netflix.com/in/title/70018449
193,Movie,Albert Pinto Ko Gussa Kyun Aata Hai?,https://www.netflix.com/in/title/81161834
194,Movie,Michael,https://www.netflix.com/in/title/80165853
195,Movie,Muqaddar ka Faisla,https://www.netflix.com/in/title/60002082
196,Movie,Ek Khiladi Ek Haseena,https://www.netflix.com/in/title/70043149
197,Movie,Rakkhosh,https://www.netflix.com/in/title/81131274
198,Movie,Autohead,https://www.netflix.com/in/title/80154688
199,Movie,Ginny Weds Sunny,https://www.netflix.com/in/title/81294132
200,Movie,Roohi,https://www.netflix.com/in/title/81267359
201,Movie,Yeh Jawaani Hai Deewani,https://www.netflix.com/in/title/70276515
202,Movie,Chillar Party,https://www.netflix.com/in/title/70139072
203,Movie,Bareilly Ki Barfi,https://www.netflix.com/in/title/81016193
204,Movie,Jab We Met,https://www.netflix.com/in/title/70085612
205,Movie,Main Hoon Na,https://www.netflix.com/in/title/70000196
206,Movie,Pagglait,https://www.netflix.com/in/title/81242571
207,Movie,3 Idiots,https://www.netflix.com/in/title/70121522
208,Movie,Andhadhun,https://www.netflix.com/in/title/81039381
209,Movie,Om Shanti Om,https://www.netflix.com/in/title/70083535
210,Movie,PK,https://www.netflix.com/in/title/70303496
211,Movie,Dil Chahta Hai,https://www.netflix.com/in/title/60021525
212,Movie,Sardar Ka Grandson,https://www.netflix.com/in/title/81177241
213,Movie,Oh My God,https://www.netflix.com/in/title/70258366
214,Movie,Phir Hera Pheri,https://www.netflix.com/in/title/70054086
215,Movie,I Am Kalam,https://www.netflix.com/in/title/80236279
216,Movie,Happy New Year,https://www.netflix.com/in/title/80017528
217,Movie,Dear Zindagi,https://www.netflix.com/in/title/80158042
218,Movie,Indoo Ki Jawani,https://www.netflix.com/in/title/81193796
219,Movie,Jaane Tu... Ya Jaane Na,https://www.netflix.com/in/title/70089214
220,Movie,Dil Dhadakne Do,https://www.netflix.com/in/title/80057585
221,Movie,Wake Up Sid,https://www.netflix.com/in/title/70123119
222,Movie,Barfi!,https://www.netflix.com/in/title/70219525
223,Movie,Welcome,https://www.netflix.com/in/title/70091146
224,Movie,Queen,https://www.netflix.com/in/title/80032081
225,Movie,Kal Ho Naa Ho,https://www.netflix.com/in/title/60036735
226,Movie,Chup Chup Ke,https://www.netflix.com/in/title/70052249
227,Movie,Munna Bhai MBBS,https://www.netflix.com/in/title/60036104
228,Movie,Khoobsurat,https://www.netflix.com/in/title/70303428
229,Movie,Qarib Qarib Singlle,https://www.netflix.com/in/title/81016192
230,Movie,Stree,https://www.netflix.com/in/title/81113921
231,Movie,Love Per Square Foot,https://www.netflix.com/in/title/80227304
232,Movie,Mubarakan,https://www.netflix.com/in/title/80204460
233,Movie,Andaz Apna Apna,https://www.netflix.com/in/title/20258084
234,Movie,Jagga Jasoos,https://www.netflix.com/in/title/80104130
235,Movie,Tu Hai Mera Sunday,https://www.netflix.com/in/title/80238295
236,Movie,Namastey London,https://www.netflix.com/in/title/70062158
237,Movie,I Hate Luv Storys,https://www.netflix.com/in/title/70139071
238,Movie,Tanu Weds Manu,https://www.netflix.com/in/title/70176968
239,Movie,Pyaar Ka Punchnama 2,https://www.netflix.com/in/title/80083589
240,Movie,Student of the Year,https://www.netflix.com/in/title/70219526
241,Movie,Kuch Kuch Hota Hai,https://www.netflix.com/in/title/60036752
242,Movie,Little Singham: Kaal Ki Tabaahi,https://www.netflix.com/in/title/80995687
243,Movie,Do Dooni Chaar,https://www.netflix.com/in/title/70185139
244,Movie,Motichoor Chaknachoor,https://www.netflix.com/in/title/81116576
245,Movie,Tere Naal Love Ho Gaya,https://www.netflix.com/in/title/70229041
246,Movie,Oye Lucky! Lucky Oye!,https://www.netflix.com/in/title/70109758
247,Movie,Dostana,https://www.netflix.com/in/title/70109680
248,Movie,Kapoor & Sons,https://www.netflix.com/in/title/80102019
249,Movie,Chopsticks,https://www.netflix.com/in/title/80993095
250,Movie,Little Singham: Mahabali,https://www.netflix.com/in/title/80995081
251,Movie,Little Singham: Kaal Ka Badla,https://www.netflix.com/in/title/81291704
252,Movie,Jab Harry Met Sejal,https://www.netflix.com/in/title/80206847
253,Movie,Boss,https://www.netflix.com/in/title/70295762
254,Movie,Peepli Live,https://www.netflix.com/in/title/70129396
255,Movie,Hasee Toh Phasee,https://www.netflix.com/in/title/70302193
256,Movie,Serious Men,https://www.netflix.com/in/title/81086997
257,Movie,Fukrey,https://www.netflix.com/in/title/70278990
258,Movie,Luka Chuppi,https://www.netflix.com/in/title/81113918
259,Movie,Ajab Prem Ki Ghazab Kahani,https://www.netflix.com/in/title/70128217
260,Movie,Zero,https://www.netflix.com/in/title/81005364
261,Movie,Chaman Bahaar,https://www.netflix.com/in/title/81244362
262,Movie,Thank You,https://www.netflix.com/in/title/70187503
263,Movie,Judwaa 2,https://www.netflix.com/in/title/80236906
264,Movie,Humpty Sharma Ki Dulhania,https://www.netflix.com/in/title/80073188
265,Movie,Kabhi Haan Kabhi Naa,https://www.netflix.com/in/title/80157083
266,Movie,Toilet: Ek Prem Katha,https://www.netflix.com/in/title/80199962
267,Movie,Welcome to Sajjanpur,https://www.netflix.com/in/title/70108590
268,Movie,Gippi,https://www.netflix.com/in/title/70276514
269,Movie,Dhoondte Reh Jaoge,https://www.netflix.com/in/title/70114588
270,Movie,Gori Tere Pyaar Mein,https://www.netflix.com/in/title/70295695
271,Movie,Golmaal Returns,https://www.netflix.com/in/title/70111280
272,Movie,AK vs AK,https://www.netflix.com/in/title/81227759
273,Movie,Ishq Vishk,https://www.netflix.com/in/title/80182656
274,Movie,Paan Singh Tomar,https://www.netflix.com/in/title/70123126
275,Movie,The Sky Is Pink,https://www.netflix.com/in/title/81037373
276,Movie,Manjhi: The Mountain Man,https://www.netflix.com/in/title/80165852
277,Movie,Thackeray (Hindi),https://www.netflix.com/in/title/81076752
278,Movie,Soorma,https://www.netflix.com/in/title/81019031
279,Movie,Partition 1947,https://www.netflix.com/in/title/80990424
280,Movie,Sanju,https://www.netflix.com/in/title/81020508
281,Movie,Guilty,https://www.netflix.com/in/title/80080618
282,Movie,Mary Kom,https://www.netflix.com/in/title/80015785
283,Movie,Pad Man,https://www.netflix.com/in/title/81016191
284,Movie,The Legend of Bhagat Singh,https://www.netflix.com/in/title/60033227
285,Movie,Panipat - The Great Betrayal,https://www.netflix.com/in/title/81227047
286,Movie,Black Friday,https://www.netflix.com/in/title/70077720
287,Movie,Manto,https://www.netflix.com/in/title/81039383
288,Movie,Stree,https://www.netflix.com/in/title/81113921
289,Movie,Bulbbul,https://www.netflix.com/in/title/81029150
290,Movie,Game Over (Hindi Version),https://www.netflix.com/in/title/81151880
291,Movie,The House Next Door,https://www.netflix.com/in/title/80233024
292,Movie,Ghost Stories,https://www.netflix.com/in/title/81088083
293,Movie,Kaal,https://www.netflix.com/in/title/70037493
294,Movie,Pizza,https://www.netflix.com/in/title/70303429
295,Movie,Kaali Khuhi,https://www.netflix.com/in/title/81061353
296,Movie,Agyaat,https://www.netflix.com/in/title/70123116
297,Movie,Rakkhosh,https://www.netflix.com/in/title/81131274
298,Movie,Taare Zameen Par,https://www.netflix.com/in/title/70087087
299,Movie,Is Love Enough? Sir,https://www.netflix.com/in/title/81136602
300,Movie,Ajeeb Daastaans,https://www.netflix.com/in/title/81206929
301,Movie,Kabir Singh,https://www.netflix.com/in/title/81107545
302,Movie,Pagglait,https://www.netflix.com/in/title/81242571
303,Movie,3 Idiots,https://www.netflix.com/in/title/70121522
304,Movie,Lagaan,https://www.netflix.com/in/title/60020906
305,Movie,Madam Chief Minister,https://www.netflix.com/in/title/81243746
306,Movie,Andhadhun,https://www.netflix.com/in/title/81039381
307,Movie,Om Shanti Om,https://www.netflix.com/in/title/70083535
308,Movie,Raat Akeli Hai,https://www.netflix.com/in/title/81269716
309,Movie,PK,https://www.netflix.com/in/title/70303496
310,Movie,Gangs of Wasseypur: Part 1,https://www.netflix.com/in/title/80088678
311,Movie,Dil Chahta Hai,https://www.netflix.com/in/title/60021525
312,Movie,Sardar Ka Grandson,https://www.netflix.com/in/title/81177241
313,Movie,The Lunchbox,https://www.netflix.com/in/title/70278932
314,Movie,Kahaani,https://www.netflix.com/in/title/70236020
315,Movie,Mom,https://www.netflix.com/in/title/80201175
316,Movie,Oh My God,https://www.netflix.com/in/title/70258366
317,Movie,Phir Hera Pheri,https://www.netflix.com/in/title/70054086
318,Movie,I Am Kalam,https://www.netflix.com/in/title/80236279
319,Movie,Happy New Year,https://www.netflix.com/in/title/80017528
320,Movie,Paan Singh Tomar,https://www.netflix.com/in/title/70123126
321,Movie,Dear Zindagi,https://www.netflix.com/in/title/80158042
322,Movie,Half Girlfriend,https://www.netflix.com/in/title/80192420
323,Movie,Lust Stories,https://www.netflix.com/in/title/80991033
324,Movie,Indoo Ki Jawani,https://www.netflix.com/in/title/81193796
325,Movie,Jaane Tu... Ya Jaane Na,https://www.netflix.com/in/title/70089214
326,Movie,Lakshya,https://www.netflix.com/in/title/70001237
327,Movie,The Sky Is Pink,https://www.netflix.com/in/title/81037373
328,Movie,The Girl on the Train,https://www.netflix.com/in/title/81144153
329,Movie,Dil Dhadakne Do,https://www.netflix.com/in/title/80057585
330,Movie,Wake Up Sid,https://www.netflix.com/in/title/70123119
331,Movie,Baahubali: The Beginning (Hindi Version),https://www.netflix.com/in/title/80204117
332,Movie,Barfi!,https://www.netflix.com/in/title/70219525
333,Movie,Kai Po Che!,https://www.netflix.com/in/title/70254346
334,Movie,Madras Café,https://www.netflix.com/in/title/70293703
335,Movie,Ittefaq,https://www.netflix.com/in/title/80164904
336,Movie,Welcome,https://www.netflix.com/in/title/70091146
337,Movie,Life in a ... Metro,https://www.netflix.com/in/title/70071832
338,Movie,Hum Saath-Saath Hain,https://www.netflix.com/in/title/80074065
339,Movie,Guru,https://www.netflix.com/in/title/70063017
340,Movie,Rang De Basanti,https://www.netflix.com/in/title/70047320
341,Movie,Queen,https://www.netflix.com/in/title/80032081
342,Movie,Jodhaa Akbar,https://www.netflix.com/in/title/70090035
343,Movie,Raajneeti,https://www.netflix.com/in/title/70123124
344,Movie,Saaho,https://www.netflix.com/in/title/81157385
345,Movie,Romeo Akbar Walter,https://www.netflix.com/in/title/81039384
346,Movie,Dilwale,https://www.netflix.com/in/title/80091866
347,Movie,Drishyam,https://www.netflix.com/in/title/80068117
348,Movie,Kal Ho Naa Ho,https://www.netflix.com/in/title/60036735
349,Movie,Chup Chup Ke,https://www.netflix.com/in/title/70052249
350,Movie,Parmanu: The Story of Pokhran,https://www.netflix.com/in/title/81005453
351,Movie,Kabhi Khushi Kabhie Gham,https://www.netflix.com/in/title/60036750
352,Movie,Phantom,https://www.netflix.com/in/title/70303495
353,Movie,Munna Bhai MBBS,https://www.netflix.com/in/title/60036104
354,Movie,Tamasha,https://www.netflix.com/in/title/80087743
355,Movie,Baazaar,https://www.netflix.com/in/title/81044299
356,Movie,Malang,https://www.netflix.com/in/title/81214289
357,Movie,Manjhi: The Mountain Man,https://www.netflix.com/in/title/80165852
358,Movie,Drive,https://www.netflix.com/in/title/81189912
359,Movie,Raees,https://www.netflix.com/in/title/80164778
360,Movie,Budhia Singh: Born to Run,https://www.netflix.com/in/title/80165849
361,Movie,Don 2,https://www.netflix.com/in/title/70224999
362,Movie,Qarib Qarib Singlle,https://www.netflix.com/in/title/81016192
363,Movie,Thackeray (Hindi),https://www.netflix.com/in/title/81076752
364,Movie,Talaash,https://www.netflix.com/in/title/70262614
365,Movie,Stree,https://www.netflix.com/in/title/81113921
366,Movie,Ram Prasad Ki Tehrvi,https://www.netflix.com/in/title/81113922
367,Movie,Love Per Square Foot,https://www.netflix.com/in/title/80227304
368,Movie,Soorma,https://www.netflix.com/in/title/81019031
369,Movie,Mubarakan,https://www.netflix.com/in/title/80204460
370,Movie,Secret Superstar,https://www.netflix.com/in/title/80245408
371,Movie,Partition 1947,https://www.netflix.com/in/title/80990424
372,Movie,Andaz Apna Apna,https://www.netflix.com/in/title/20258084
373,Movie,I Am Kalam,https://www.netflix.com/in/title/80236279
374,Movie,Motu Patlu: Kung Fu Kings,https://www.netflix.com/in/title/81318057
375,Movie,Chhota Bheem and the Curse of Damyaan,https://www.netflix.com/in/title/80166509
376,Movie,Motu Patlu in Hong Kong: Kung Fu Kings 3,https://www.netflix.com/in/title/81318062
377,Movie,Little Singham: Kaal Ki Tabaahi,https://www.netflix.com/in/title/80995687
378,Movie,Little Singham: Mahabali,https://www.netflix.com/in/title/80995081
379,Movie,Little Singham: Kaal Ka Badla,https://www.netflix.com/in/title/81291704
380,Movie,Chhota Bheem Kungfu Dhamaka,https://www.netflix.com/in/title/81154987
381,Movie,Motu Patlu Kung Fu Kings 4 The Challenge of Kung Fu Brothers,https://www.netflix.com/in/title/81318066
382,Movie,Shiva: The Secret World Of Vedas City,https://www.netflix.com/in/title/81318074
383,Movie,Mighty Raju Rio Calling,https://www.netflix.com/in/title/80166434
384,Movie,The Blue Umbrella,https://www.netflix.com/in/title/70075775
385,Movie,Rudra: Secret of the Black Moon,https://www.netflix.com/in/title/81318081
386,Movie,Motu Patlu in the Game of Zones,https://www.netflix.com/in/title/81318069
387,Movie,Motu Patlu VS Robo Kids,https://www.netflix.com/in/title/81318068
388,Movie,Shiva VS Autobots,https://www.netflix.com/in/title/81318076
389,Movie,Motu Patlu: Khazaane Ki Race,https://www.netflix.com/in/title/81318058
390,Movie,Rudra: The Rise of King Pharaoh,https://www.netflix.com/in/title/81318080
391,Movie,Hope Aur Hum,https://www.netflix.com/in/title/81019924
392,Movie,Keymon and Nani in Space Adventure,https://www.netflix.com/in/title/81318082
393,Movie,Fukrey Boyzzz: Space Mein Fukrapanti,https://www.netflix.com/in/title/81290368
394,Movie,Motu Patlu in Wonderland,https://www.netflix.com/in/title/81318047
395,Movie,Pakdam Pakdai: Attack on Tokyo,https://www.netflix.com/in/title/81318073
396,Movie,Motu Patlu: Mission Moon,https://www.netflix.com/in/title/81318049
397,Movie,Bal Ganesh 3,https://www.netflix.com/in/title/81099498
398,Movie,Mahabali Bal Ganesh,https://www.netflix.com/in/title/81099505
399,Movie,Little Singham: Legend of Dugabakka,https://www.netflix.com/in/title/81291703
400,Movie,Motu Patlu in the City of Gold,https://www.netflix.com/in/title/81318064
401,Movie,Shiva: Journey to Plunotaria,https://www.netflix.com/in/title/81318077
402,Movie,Motu Patlu in Dragon's World,https://www.netflix.com/in/title/81318059
403,Movie,Pakdam Pakdai: Doggy Don in Egypt,https://www.netflix.com/in/title/81318071
404,Movie,Motu Patlu the Superheroes – Super Villains from Mars,https://www.netflix.com/in/title/81318067
405,Movie,Gattu Battu: The Secret Of Computer Chip,https://www.netflix.com/in/title/81318078
406,Movie,Little Singham Future mein Satakli,https://www.netflix.com/in/title/81291705
407,Movie,Pakdam Pakdai Space Attack,https://www.netflix.com/in/title/81318072
408,Movie,Motu Patlu Dino Invasion,https://www.netflix.com/in/title/81318065
409,Movie,Motu Patlu: Deep Sea Adventure,https://www.netflix.com/in/title/81318053
410,Movie,Motu Patlu in Octupus World,https://www.netflix.com/in/title/81318063
411,Movie,Gattu Battu vs Zaarc: The Machine Maniac,https://www.netflix.com/in/title/81318079
412,Movie,Ghatothkach (Master of Magic),https://www.netflix.com/in/title/70105456
413,Movie,ChuChuTV Bedtime Stories & Moral Stories for Kids (Hindi),https://www.netflix.com/in/title/81192152
414,Movie,Bal Hanuman 4 Attack of the Universe,https://www.netflix.com/in/title/81099503
415,Movie,Bal Hanuman 3 Return of the Demon,https://www.netflix.com/in/title/81099502
416,Movie,ChuChuTV Surprise Eggs Learning Videos (Hindi),https://www.netflix.com/in/title/81192153
417,Movie,The Wishing Tree,https://www.netflix.com/in/title/80169554
418,Movie,Madam Chief Minister,https://www.netflix.com/in/title/81243746
419,Movie,Sardar Ka Grandson,https://www.netflix.com/in/title/81177241
420,Movie,Indoo Ki Jawani,https://www.netflix.com/in/title/81193796
421,Movie,The Girl on the Train,https://www.netflix.com/in/title/81144153
422,Movie,Rudra: Secret of the Black Moon,https://www.netflix.com/in/title/81318081
423,Movie,AK vs AK,https://www.netflix.com/in/title/81227759
424,Movie,Fukrey Boyzzz: Space Mein Fukrapanti,https://www.netflix.com/in/title/81290368
425,Movie,Ahaan,https://www.netflix.com/in/title/81438083
426,Movie,Tuesdays & Fridays,https://www.netflix.com/in/title/81382263
427,Movie,Little Singham Future mein Satakli,https://www.netflix.com/in/title/81291705
428,Movie,Torbaaz,https://www.netflix.com/in/title/81264422
429,Movie,99 Songs,https://www.netflix.com/in/title/81450176
430,Movie,Kaali Khuhi,https://www.netflix.com/in/title/81061353
431,Movie,Time to Dance,https://www.netflix.com/in/title/81320773
432,Movie,Milestone,https://www.netflix.com/in/title/81381748
433,Movie,Bombay Rose,https://www.netflix.com/in/title/81270289
434,Movie,Lagaan,https://www.netflix.com/in/title/60020906
435,Movie,Om Shanti Om,https://www.netflix.com/in/title/70083535
436,Movie,Dil Chahta Hai,https://www.netflix.com/in/title/60021525
437,Movie,Phir Hera Pheri,https://www.netflix.com/in/title/70054086
438,Movie,Jaane Tu... Ya Jaane Na,https://www.netflix.com/in/title/70089214
439,Movie,Welcome,https://www.netflix.com/in/title/70091146
440,Movie,Life in a ... Metro,https://www.netflix.com/in/title/70071832
441,Movie,Hum Saath-Saath Hain,https://www.netflix.com/in/title/80074065
442,Movie,Guru,https://www.netflix.com/in/title/70063017
443,Movie,Jodhaa Akbar,https://www.netflix.com/in/title/70090035
444,Movie,Dilwale,https://www.netflix.com/in/title/80091866
445,Movie,Kal Ho Naa Ho,https://www.netflix.com/in/title/60036735
446,Movie,Chup Chup Ke,https://www.netflix.com/in/title/70052249
447,Movie,Kabhi Khushi Kabhie Gham,https://www.netflix.com/in/title/60036750
448,Movie,Munna Bhai MBBS,https://www.netflix.com/in/title/60036104
449,Movie,Tamasha,https://www.netflix.com/in/title/80087743
450,Movie,Love Per Square Foot,https://www.netflix.com/in/title/80227304
451,Movie,Mubarakan,https://www.netflix.com/in/title/80204460
452,Movie,Secret Superstar,https://www.netflix.com/in/title/80245408
453,Movie,Andaz Apna Apna,https://www.netflix.com/in/title/20258084
454,Movie,Jagga Jasoos,https://www.netflix.com/in/title/80104130
455,Movie,Namastey London,https://www.netflix.com/in/title/70062158
456,Movie,I Hate Luv Storys,https://www.netflix.com/in/title/70139071
457,Movie,Tanu Weds Manu,https://www.netflix.com/in/title/70176968
458,Movie,Student of the Year,https://www.netflix.com/in/title/70219526
459,Movie,Kuch Kuch Hota Hai,https://www.netflix.com/in/title/60036752
460,Movie,Tere Naal Love Ho Gaya,https://www.netflix.com/in/title/70229041
461,Movie,Dostana,https://www.netflix.com/in/title/70109680
462,Movie,Dhan Dhana Dhan Goal,https://www.netflix.com/in/title/70084775
463,Movie,Paheli,https://www.netflix.com/in/title/70039405
464,Movie,Lage Raho Munna Bhai,https://www.netflix.com/in/title/70058505
465,Movie,Hum Aapke Hain Koun,https://www.netflix.com/in/title/60035870
466,Movie,Lucknow Central,https://www.netflix.com/in/title/80204433
467,Movie,Boss,https://www.netflix.com/in/title/70295762
468,Movie,Hasee Toh Phasee,https://www.netflix.com/in/title/70302193
469,Movie,Fukrey,https://www.netflix.com/in/title/70278990
470,Movie,ABCD: Any Body Can Dance,https://www.netflix.com/in/title/70229045
471,Movie,Vivah,https://www.netflix.com/in/title/70059326
472,Movie,Zero,https://www.netflix.com/in/title/81005364
473,Movie,Rock On!!,https://www.netflix.com/in/title/70110883
474,Movie,Thank You,https://www.netflix.com/in/title/70187503
475,Movie,Judwaa 2,https://www.netflix.com/in/title/80236906
476,Movie,Luck by Chance,https://www.netflix.com/in/title/70114467
477,Movie,Kabhi Alvida Naa Kehna,https://www.netflix.com/in/title/70057651
478,Movie,Chalte Chalte,https://www.netflix.com/in/title/60036112
479,Movie,Kabhi Haan Kabhi Naa,https://www.netflix.com/in/title/80157083
480,Movie,Toilet: Ek Prem Katha,https://www.netflix.com/in/title/80199962
481,Movie,Parineeta,https://www.netflix.com/in/title/70039372
482,Movie,Welcome to Sajjanpur,https://www.netflix.com/in/title/70108590
483,Movie,Billu,https://www.netflix.com/in/title/70115621
484,Movie,The Blue Umbrella,https://www.netflix.com/in/title/70075775
485,Movie,Rowdy Rathore,https://www.netflix.com/in/title/70229043
486,Movie,Singham,https://www.netflix.com/in/title/70217385
487,Movie,Dhoondte Reh Jaoge,https://www.netflix.com/in/title/70114588
488,Movie,Gori Tere Pyaar Mein,https://www.netflix.com/in/title/70295695
489,Movie,Ishq Vishk,https://www.netflix.com/in/title/80182656
490,Movie,Dev.D,https://www.netflix.com/in/title/70113305
491,Movie,Shimla Mirchi,https://www.netflix.com/in/title/81078032
492,Movie,Kismat Konnection,https://www.netflix.com/in/title/70101039
493,Movie,Ek Main Aur Ekk Tu,https://www.netflix.com/in/title/70181653
494,Movie,Professor,https://www.netflix.com/in/title/20257393
495,Movie,Tum Milo Toh Sahi,https://www.netflix.com/in/title/80236280
496,Movie,Chance Pe Dance,https://www.netflix.com/in/title/70123120
497,Movie,BluffMaster!,https://www.netflix.com/in/title/70045196
498,Movie,"Main, Meri Patni Aur Woh",https://www.netflix.com/in/title/70042756
499,Movie,Shaandaar,https://www.netflix.com/in/title/80078739
500,Movie,Duniya,https://www.netflix.com/in/title/60002088
501,Movie,Do Paise Ki Dhoop Chaar Aane Ki Baarish,https://www.netflix.com/in/title/81080769
502,Movie,Bbuddah Hoga Terra Baap,https://www.netflix.com/in/title/70204288
503,Movie,Joker,https://www.netflix.com/in/title/70219529
504,Movie,Break Ke Baad,https://www.netflix.com/in/title/70165483
505,Movie,Heroine,https://www.netflix.com/in/title/70229044
506,Movie,Action Replayy,https://www.netflix.com/in/title/70158421
507,Movie,Honeymoon Travels Pvt. Ltd.,https://www.netflix.com/in/title/70254352
508,Movie,Aiyyaa,https://www.netflix.com/in/title/70261058
509,Movie,PK,https://www.netflix.com/in/title/70303496
510,Movie,Paheli,https://www.netflix.com/in/title/70039405
511,Movie,Bhavesh Joshi Superhero,https://www.netflix.com/in/title/80243541
512,Movie,Alibaba Aur 40 Chor,https://www.netflix.com/in/title/80158543
513,Movie,Joker,https://www.netflix.com/in/title/70219529
514,Movie,Chamatkar,https://www.netflix.com/in/title/80157133
515,Movie,Cargo,https://www.netflix.com/in/title/81297470
516,Movie,Hawaizaada,https://www.netflix.com/in/title/80037479
517,Movie,Bangistan,https://www.netflix.com/in/title/80074933
518,Movie,Shortcut Safari,https://www.netflix.com/in/title/81086640
519,Movie,My Friend Pinto,https://www.netflix.com/in/title/70213515
520,Movie,The Lunchbox,https://www.netflix.com/in/title/70278932
521,Movie,Budhia Singh: Born to Run,https://www.netflix.com/in/title/80165849
522,Movie,Ram Prasad Ki Tehrvi,https://www.netflix.com/in/title/81113922
523,Movie,Tu Hai Mera Sunday,https://www.netflix.com/in/title/80238295
524,Movie,Dolly Kitty Aur Woh Chamakte Sitare,https://www.netflix.com/in/title/81285942
525,Movie,Chopsticks,https://www.netflix.com/in/title/80993095
526,Movie,Udaan,https://www.netflix.com/in/title/70139542
527,Movie,Peepli Live,https://www.netflix.com/in/title/70129396
528,Movie,Love and Shukla,https://www.netflix.com/in/title/81013710
529,Movie,Beyond the Clouds,https://www.netflix.com/in/title/81005454
530,Movie,Pihu,https://www.netflix.com/in/title/81113927
531,Movie,Gippi,https://www.netflix.com/in/title/70276514
532,Movie,The Blue Umbrella,https://www.netflix.com/in/title/70075775
533,Movie,Penalty,https://www.netflix.com/in/title/81214706
534,Movie,Once Again,https://www.netflix.com/in/title/81014988
535,Movie,Kuchh Bheege Alfaaz,https://www.netflix.com/in/title/81018240
536,Movie,Axone,https://www.netflix.com/in/title/81144457
537,Movie,Ahaan,https://www.netflix.com/in/title/81438083
538,Movie,Court,https://www.netflix.com/in/title/80017218
539,Movie,Manto,https://www.netflix.com/in/title/81039383
540,Movie,Do Paise Ki Dhoop Chaar Aane Ki Baarish,https://www.netflix.com/in/title/81080769
541,Movie,Hamid,https://www.netflix.com/in/title/81123050
542,Movie,Soni,https://www.netflix.com/in/title/81023713
543,Movie,Shaitan,https://www.netflix.com/in/title/80165855
544,Movie,House Arrest,https://www.netflix.com/in/title/81076114
545,Movie,Chippa,https://www.netflix.com/in/title/81121896
546,Movie,Ankhon Dekhi,https://www.netflix.com/in/title/70307997
547,Movie,Tottaa Pataaka Item Maal,https://www.netflix.com/in/title/81095399
548,Movie,Haraamkhor,https://www.netflix.com/in/title/80095530
549,Movie,Evening Shadows,https://www.netflix.com/in/title/81045072
550,Movie,Umrika,https://www.netflix.com/in/title/80038288
551,Movie,Halkaa,https://www.netflix.com/in/title/81038832
552,Movie,X: Past Is Present,https://www.netflix.com/in/title/80108386
553,Movie,Ascharyachakit!,https://www.netflix.com/in/title/81018239
554,Movie,Liar's Dice,https://www.netflix.com/in/title/70299811
555,Movie,Zoo,https://www.netflix.com/in/title/80993648
556,Movie,That Girl in Yellow Boots,https://www.netflix.com/in/title/70144560
557,Movie,Eeb Allay Ooo!,https://www.netflix.com/in/title/81354909
558,Movie,Time Out,https://www.netflix.com/in/title/81281387
559,Movie,Garbage,https://www.netflix.com/in/title/80994130
560,Movie,Music Teacher,https://www.netflix.com/in/title/81033430
561,Movie,Cargo,https://www.netflix.com/in/title/81297470
562,Movie,Jaoon Kahan Bata Ae Dil,https://www.netflix.com/in/title/81074367
563,Movie,Milestone,https://www.netflix.com/in/title/81381748
564,Movie,Paharganj,https://www.netflix.com/in/title/81167615
565,Movie,Albert Pinto Ko Gussa Kyun Aata Hai?,https://www.netflix.com/in/title/81161834
566,Movie,What Are the Odds?,https://www.netflix.com/in/title/81281587
567,Movie,Three and a Half,https://www.netflix.com/in/title/81094082
568,Movie,Yeh Hai Bakrapur,https://www.netflix.com/in/title/81024728
569,Movie,Michael,https://www.netflix.com/in/title/80165853
570,Movie,Candyflip,https://www.netflix.com/in/title/81067758
571,Movie,Rakkhosh,https://www.netflix.com/in/title/81131274
572,Movie,Bhasmasur,https://www.netflix.com/in/title/81048561
573,Movie,Project Marathwada,https://www.netflix.com/in/title/81289656
574,Movie,Life of An Outcast,https://www.netflix.com/in/title/81051693
575,Movie,The Violin Player,https://www.netflix.com/in/title/80149282
576,Movie,Mumbai Cha Raja,https://www.netflix.com/in/title/70260514
577,Movie,Mom,https://www.netflix.com/in/title/80201175
578,Movie,Oh My God,https://www.netflix.com/in/title/70258366
579,Movie,Dear Zindagi,https://www.netflix.com/in/title/80158042
580,Movie,Half Girlfriend,https://www.netflix.com/in/title/80192420
581,Movie,Lust Stories,https://www.netflix.com/in/title/80991033
582,Movie,Lakshya,https://www.netflix.com/in/title/70001237
583,Movie,The Sky Is Pink,https://www.netflix.com/in/title/81037373
584,Movie,The Girl on the Train,https://www.netflix.com/in/title/81144153
585,Movie,Dil Dhadakne Do,https://www.netflix.com/in/title/80057585
586,Movie,Wake Up Sid,https://www.netflix.com/in/title/70123119
587,Movie,Baahubali: The Beginning (Hindi Version),https://www.netflix.com/in/title/80204117
588,Movie,Barfi!,https://www.netflix.com/in/title/70219525
589,Movie,Kai Po Che!,https://www.netflix.com/in/title/70254346
590,Movie,Madras Café,https://www.netflix.com/in/title/70293703
591,Movie,Ittefaq,https://www.netflix.com/in/title/80164904
592,Movie,Welcome,https://www.netflix.com/in/title/70091146
593,Movie,Life in a ... Metro,https://www.netflix.com/in/title/70071832
594,Movie,Hum Saath-Saath Hain,https://www.netflix.com/in/title/80074065
595,Movie,Guru,https://www.netflix.com/in/title/70063017
596,Movie,Rang De Basanti,https://www.netflix.com/in/title/70047320
597,Movie,Queen,https://www.netflix.com/in/title/80032081
598,Movie,Jodhaa Akbar,https://www.netflix.com/in/title/70090035
599,Movie,Raajneeti,https://www.netflix.com/in/title/70123124
600,Movie,Saaho,https://www.netflix.com/in/title/81157385
601,Movie,Romeo Akbar Walter,https://www.netflix.com/in/title/81039384
602,Movie,Dilwale,https://www.netflix.com/in/title/80091866
603,Movie,Drishyam,https://www.netflix.com/in/title/80068117
604,Movie,Kal Ho Naa Ho,https://www.netflix.com/in/title/60036735
605,Movie,Chup Chup Ke,https://www.netflix.com/in/title/70052249
606,Movie,Parmanu: The Story of Pokhran,https://www.netflix.com/in/title/81005453
607,Movie,Kabhi Khushi Kabhie Gham,https://www.netflix.com/in/title/60036750
608,Movie,Phantom,https://www.netflix.com/in/title/70303495
609,Movie,Munna Bhai MBBS,https://www.netflix.com/in/title/60036104
610,Movie,Tamasha,https://www.netflix.com/in/title/80087743
611,Movie,Baazaar,https://www.netflix.com/in/title/81044299
612,Movie,Malang,https://www.netflix.com/in/title/81214289
613,Movie,Manjhi: The Mountain Man,https://www.netflix.com/in/title/80165852
614,Movie,Drive,https://www.netflix.com/in/title/81189912
615,Movie,Raees,https://www.netflix.com/in/title/80164778
616,Movie,Budhia Singh: Born to Run,https://www.netflix.com/in/title/80165849
617,Movie,Don 2,https://www.netflix.com/in/title/70224999
618,Movie,Qarib Qarib Singlle,https://www.netflix.com/in/title/81016192
619,Movie,Thackeray (Hindi),https://www.netflix.com/in/title/81076752
620,Movie,Talaash,https://www.netflix.com/in/title/70262614
621,Movie,Stree,https://www.netflix.com/in/title/81113921
622,Movie,Ram Prasad Ki Tehrvi,https://www.netflix.com/in/title/81113922
623,Movie,Love Per Square Foot,https://www.netflix.com/in/title/80227304
624,Movie,Soorma,https://www.netflix.com/in/title/81019031
625,Movie,Mubarakan,https://www.netflix.com/in/title/80204460
626,Movie,Secret Superstar,https://www.netflix.com/in/title/80245408
627,Movie,Partition 1947,https://www.netflix.com/in/title/80990424
628,Movie,Andaz Apna Apna,https://www.netflix.com/in/title/20258084
629,Movie,Sanju,https://www.netflix.com/in/title/81020508
630,Movie,Jagga Jasoos,https://www.netflix.com/in/title/80104130
631,Movie,Fashion,https://www.netflix.com/in/title/70111162
632,Movie,Tu Hai Mera Sunday,https://www.netflix.com/in/title/80238295
633,Movie,Asoka,https://www.netflix.com/in/title/60021758
634,Movie,Bulbbul,https://www.netflix.com/in/title/81029150
635,Movie,Pink,https://www.netflix.com/in/title/80144448
636,Movie,Namastey London,https://www.netflix.com/in/title/70062158
637,Movie,Dolly Kitty Aur Woh Chamakte Sitare,https://www.netflix.com/in/title/81285942
638,Movie,Haider,https://www.netflix.com/in/title/70303432
639,Movie,I Hate Luv Storys,https://www.netflix.com/in/title/70139071
640,Movie,Tanu Weds Manu,https://www.netflix.com/in/title/70176968
641,Movie,Gabbar Is Back,https://www.netflix.com/in/title/80057278
642,Movie,Pyaar Ka Punchnama 2,https://www.netflix.com/in/title/80083589
643,Movie,Guilty,https://www.netflix.com/in/title/80080618
644,Movie,Student of the Year,https://www.netflix.com/in/title/70219526
645,Movie,Mary Kom,https://www.netflix.com/in/title/80015785
646,Movie,Class of '83,https://www.netflix.com/in/title/80997361
647,Movie,Kuch Kuch Hota Hai,https://www.netflix.com/in/title/60036752
648,Movie,Force 2,https://www.netflix.com/in/title/80159955
649,Movie,Wazir,https://www.netflix.com/in/title/80094096
650,Movie,Mohenjo Daro,https://www.netflix.com/in/title/80104257
651,Movie,Do Dooni Chaar,https://www.netflix.com/in/title/70185139
652,Movie,Jodhaa Akbar,https://www.netflix.com/in/title/70090035
653,Movie,Sanju,https://www.netflix.com/in/title/81020508
654,Movie,Mary Kom,https://www.netflix.com/in/title/80015785
655,Movie,Pad Man,https://www.netflix.com/in/title/81016191
656,Movie,The Legend of Bhagat Singh,https://www.netflix.com/in/title/60033227
657,Movie,Manto,https://www.netflix.com/in/title/81039383
658,Movie,Yeh Ballet,https://www.netflix.com/in/title/81101795
659,Movie,Ladies First,https://www.netflix.com/in/title/80219143
660,Movie,Hawaizaada,https://www.netflix.com/in/title/80037479
661,Movie,Dil Dhadakne Do,https://www.netflix.com/in/title/80057585
662,Movie,Baahubali: The Beginning (Hindi Version),https://www.netflix.com/in/title/80204117
663,Movie,Secret Superstar,https://www.netflix.com/in/title/80245408
664,Movie,Hum Aapke Hain Koun,https://www.netflix.com/in/title/60035870
665,Movie,Judwaa 2,https://www.netflix.com/in/title/80236906
666,Movie,Toilet: Ek Prem Katha,https://www.netflix.com/in/title/80199962
667,Movie,Rowdy Rathore,https://www.netflix.com/in/title/70229043
668,Movie,Singham,https://www.netflix.com/in/title/70217385
669,Movie,Prem Ratan Dhan Payo,https://www.netflix.com/in/title/80085417
670,Movie,Bodyguard,https://www.netflix.com/in/title/70211475
671,Movie,Saaho,https://www.netflix.com/in/title/81157385
672,Movie,Phantom,https://www.netflix.com/in/title/70303495
673,Movie,Malang,https://www.netflix.com/in/title/81214289
674,Movie,Drive,https://www.netflix.com/in/title/81189912
675,Movie,Don 2,https://www.netflix.com/in/title/70224999
676,Movie,Gabbar Is Back,https://www.netflix.com/in/title/80057278
677,Movie,Force 2,https://www.netflix.com/in/title/80159955
678,Movie,Rocky Handsome,https://www.netflix.com/in/title/80103428
679,Movie,Don,https://www.netflix.com/in/title/70059026
680,Movie,Players,https://www.netflix.com/in/title/70229498
681,Movie,Race,https://www.netflix.com/in/title/70096752
682,Movie,Race 2,https://www.netflix.com/in/title/70229046
683,Movie,Baaghi,https://www.netflix.com/in/title/80104648
684,Movie,Baadshaho,https://www.netflix.com/in/title/80211134
685,Movie,Alibaba Aur 40 Chor,https://www.netflix.com/in/title/80158543
686,Movie,Mission Kashmir,https://www.netflix.com/in/title/60004006
687,Movie,1942: A Love Story,https://www.netflix.com/in/title/206593
688,Movie,Jaal,https://www.netflix.com/in/title/80157086
689,Movie,Gumrah,https://www.netflix.com/in/title/24012660
690,Movie,Elaan,https://www.netflix.com/in/title/80158482
691,Movie,Salaakhen,https://www.netflix.com/in/title/80158479
692,Movie,Aakhri Adaalat,https://www.netflix.com/in/title/20254278
693,Movie,Khoon Khoon,https://www.netflix.com/in/title/80158480
694,Movie,TE3N,https://www.netflix.com/in/title/80113673
695,Movie,Udaan,https://www.netflix.com/in/title/70139542
696,Movie,Peepli Live,https://www.netflix.com/in/title/70129396
697,Movie,Black Friday,https://www.netflix.com/in/title/70077720
698,Movie,The Blue Umbrella,https://www.netflix.com/in/title/70075775
699,Movie,Raman Raghav 2.0,https://www.netflix.com/in/title/80115687
700,Movie,Court,https://www.netflix.com/in/title/80017218
701,Movie,Manto,https://www.netflix.com/in/title/81039383
702,Movie,Hamid,https://www.netflix.com/in/title/81123050
703,Movie,Soni,https://www.netflix.com/in/title/81023713
704,Movie,Dhobi Ghat (Mumbai Diaries),https://www.netflix.com/in/title/70144331
705,Movie,Umrika,https://www.netflix.com/in/title/80038288
706,Movie,Liar's Dice,https://www.netflix.com/in/title/70299811
707,Movie,Period. End of Sentence.,https://www.netflix.com/in/title/81074663
